shift_id,shift_name,start_time,end_time,duration_hours,shift_type,overtime_multiplier,night_differential,counts_for_certification,certification_weight
D,Day,07:00,15:00,8,REGULAR,1.0,0.0,True,1.0
E,Evening,15:00,23:00,8,REGULAR,1.0,0.0,True,1.0
N,Night,23:00,07:00,8,REGULAR,1.0,0.15,True,1.2
D12,Day 12hr,07:00,19:00,12,EXTENDED,1.0,0.0,True,1.5
N12,Night 12hr,19:00,07:00,12,EXTENDED,1.0,0.15,True,1.8
OFF,Day Off,,,0,OFF,0.0,0.0,False,0.0
AL,Annual Leave,,,0,LEAVE,0.0,0.0,False,0.0
SL,Sick Leave,,,0,LEAVE,0.0,0.0,False,0.0
TR,Training,08:00,17:00,8,TRAINING,1.0,0.0,True,0.5
